daily_incremental_imps_pool,rqvae_id,proxy_ctr,proxy_cvr_ab,proxy_cvr_abpro,proxy_cvr_pay,proxy_p_ab,normalized_proxy_p_ab,avg_time_to_first_ab,median_time_to_first_ab,prod_id,comp_id,ipv_roi_自然,normalized_ipv_roi_自然,crt_time,prod_name,real_imps,real_ab,base_time_to_first_ab,is_broken_zero,imps_needed_to_break,imps_needed_to_break_xiuzheng,normalized_imps_needed_to_break,priority_score,rn
91905,RQ_000,0.1138,0.013,0.0046,0.0011,0.14794,0.162182,30.1,29.19,PROD_000000,COMP_0007,16.59,16.89,2026-03-09 20:07:54,商品_0_4527,287,2,0.0,0,73,86,68.92,188.18,1
91905,RQ_003,0.023,0.0057,0.0255,0.0061,0.01311,0.014721,187.4,181.46,PROD_000001,COMP_0021,22.03,22.19,2026-04-06 20:07:54,商品_1_6820,2075,18,175.97,1,108,103,103.45,221.15,2
91905,RQ_008,0.1083,0.0345,0.0026,0.0064,0.373635,0.378737,102.05,78.45,PROD_000002,COMP_0013,7.72,7.66,2026-03-17 20:07:54,商品_2_9179,350,11,70.49,0,170,142,180.94,118.61,3
91905,RQ_014,0.03,0.0078,0.0225,0.0054,0.0234,0.025712,126.29,66.01,PROD_000003,COMP_0025,13.14,13.36,2026-04-29 20:07:54,商品_3_1188,1244,15,84.3,1,223,202,207.84,137.13,4
91905,RQ_017,0.1151,0.0387,0.0105,0.003,0.445437,0.384529,204.21,159.63,PROD_000004,COMP_0007,0.6,0.63,2026-04-21 20:07:54,商品_4_1319,445,24,137.95,0,359,414,337.38,48.98,5
91905,RQ_011,0.133,0.0418,0.0096,0.0007,0.55594,0.64,87.31,118.99,PROD_000005,COMP_0007,28.44,26.08,2026-04-10 20:07:54,商品_5_7118,65,4,102.9,0,295,270,296.63,327.35,6
91905,RQ_016,0.0732,0.0131,0.0024,0.0003,0.095892,0.09796,114.56,100.83,PROD_000006,COMP_0028,17.86,16.1,2026-04-11 20:07:54,商品_6_4119,440,5,136.18,0,243,241,242.29,171.56,7
91905,RQ_003,0.1023,0.0184,0.0126,0.0087,0.188232,0.154664,51.2,46.14,PROD_000007,COMP_0006,19.78,20.36,2026-05-12 20:07:54,商品_7_9856,127,1,39.09,0,71,63,66.51,222.15,8
91905,RQ_002,0.1397,0.0426,0.0054,0.0049,0.595122,0.52698,129.38,74.61,PROD_000008,COMP_0000,12.33,11.24,2026-03-30 20:07:54,商品_8_1936,2836,137,86.85,1,251,375,253.8,169.79,9
91905,RQ_018,0.0768,0.046,0.0162,0.0007,0.35328,0.354386,56.4,37.87,PROD_000009,COMP_0003,25.61,23.4,2026-05-14 20:07:54,商品_9_5915,296,18,40.19,0,82,89,83.37,271.6,10
91905,RQ_010,0.1401,0.0469,0.0008,0.0062,0.657069,0.673625,94.52,96.29,PROD_000010,COMP_0029,3.45,3.48,2026-05-13 20:07:54,商品_10_2697,450,18,105.88,0,128,141,129.11,102.45,11
91905,RQ_008,0.0262,0.0062,0.0168,0.0028,0.016244,0.016925,123.24,124.28,PROD_000011,COMP_0008,21.67,20.39,2026-03-04 20:07:54,商品_11_2232,47,0,125.14,0,322,267,311.28,205.01,12
91905,RQ_017,0.015,0.0191,0.0168,0.0044,0.02865,0.023399,145.57,160.83,PROD_000012,COMP_0009,11.26,12.24,2026-04-11 20:07:54,商品_12_1406,341,4,175.83,0,430,610,421.95,128.39,13
91905,RQ_010,0.1195,0.0212,0.0203,0.0074,0.25334,0.22782,72.27,85.84,PROD_000013,COMP_0011,5.2,5.41,2026-04-03 20:07:54,商品_13_9346,418,16,87.38,0,120,164,128.91,74.67,14
91905,RQ_017,0.0564,0.0024,0.0264,0.0027,0.013536,0.013972,124.51,140.03,PROD_000014,COMP_0025,29.51,26.78,2026-03-15 20:07:54,商品_14_6967,4689,7,119.49,1,328,306,298.11,271.07,15
91905,RQ_002,0.1428,0.0461,0.0189,0.0067,0.658308,0.559463,133.71,145.42,PROD_000015,COMP_0027,27.05,27.09,2026-05-03 20:07:54,商品_15_6279,98,5,130.03,0,370,471,399.81,321.85,16
91905,RQ_014,0.0719,0.0115,0.0145,0.009,0.082685,0.092476,133.41,96.71,PROD_000016,COMP_0029,5.51,5.05,2026-05-18 20:07:54,商品_16_7291,344,3,107.32,0,270,243,245.5,59.3,17
91905,RQ_012,0.0442,0.0331,0.0007,0.0075,0.146302,0.162105,82.91,56.99,PROD_000017,COMP_0031,3.64,3.59,2026-04-23 20:07:54,商品_17_7991,285,8,56.38,0,147,164,155.86,56.61,18
91905,RQ_014,0.1356,0.0374,0.0145,0.0027,0.507144,0.45587,134.02,93.56,PROD_000018,COMP_0035,19.31,20.34,2026-04-28 20:07:54,商品_18_8633,365,12,108.19,0,127,130,128.02,251.05,19
91905,RQ_001,0.039,0.0216,0.0272,0.0059,0.08424,0.090828,70.01,79.32,PROD_000019,COMP_0026,25.77,27.14,2026-03-11 20:07:54,商品_19_8657,3932,111,87.06,1,203,276,219.15,279.37,20
91905,RQ_019,0.0848,0.0454,0.018,0.0067,0.384992,0.320921,56.24,51.33,PROD_000020,COMP_0008,13.14,14.1,2026-03-18 20:07:54,商品_20_2124,3177,145,57.26,1,154,153,167.9,175.58,21
91905,RQ_000,0.1429,0.0108,0.0011,0.0016,0.154332,0.131258,80.85,72.73,PROD_000021,COMP_0002,20.25,20.51,2026-04-09 20:07:54,商品_21_4249,310,4,62.69,0,148,130,157.45,216.35,22
91905,RQ_018,0.1067,0.0317,0.0035,0.0077,0.338239,0.385632,239.35,161.3,PROD_000022,COMP_0004,18.21,16.83,2026-03-12 20:07:54,商品_22_9548,3535,67,177.58,1,376,304,369.99,210.78,23
91905,RQ_019,0.1231,0.0274,0.0148,0.0044,0.337294,0.368464,133.07,190.01,PROD_000023,COMP_0017,8.42,9.01,2026-05-18 20:07:54,商品_23_5526,384,12,154.61,0,313,333,283.5,129.92,24
91905,RQ_000,0.0823,0.0104,0.0076,0.0041,0.085592,0.087481,152.33,97.16,PROD_000024,COMP_0035,7.59,7.55,2026-03-29 20:07:54,商品_24_5118,2315,26,136.78,1,151,190,147.04,84.75,25
91905,RQ_003,0.111,0.0165,0.0224,0.0095,0.18315,0.197081,86.67,82.63,PROD_000025,COMP_0014,6.15,6.44,2026-05-10 20:07:54,商品_25_9042,1323,38,71.47,1,88,92,84.52,79.65,26
91905,RQ_000,0.0904,0.024,0.0135,0.0019,0.21696,0.178027,165.66,114.14,PROD_000026,COMP_0006,28.26,28.13,2026-04-16 20:07:54,商品_26_8253,77,1,153.32,0,292,295,320.84,302.01,27
91905,RQ_018,0.1486,0.016,0.0188,0.0061,0.23776,0.260593,77.82,48.96,PROD_000027,COMP_0019,28.45,26.79,2026-03-23 20:07:54,商品_27_4241,282,2,61.65,0,31,34,31.58,295.99,28
91905,RQ_003,0.0862,0.0327,0.0273,0.0083,0.281874,0.233551,170.59,124.29,PROD_000028,COMP_0027,5.39,5.18,2026-03-01 20:07:54,商品_28_4750,239,11,142.34,0,320,467,320.03,74.48,29
91905,RQ_018,0.1431,0.05,0.0203,0.0028,0.7155,0.583914,184.09,103.32,PROD_000029,COMP_0036,22.81,22.68,2026-04-29 20:07:54,商品_29_1601,4528,442,127.73,1,213,231,205.38,285.15,30
91905,RQ_002,0.054,0.0168,0.0291,0.0041,0.09072,0.09125,121.33,90.51,PROD_000030,COMP_0029,29.65,30.58,2026-03-20 20:07:54,商品_30_3594,4583,110,111.39,1,267,251,269.63,311.14,31
91905,RQ_017,0.0119,0.021,0.0071,0.0084,0.02499,0.021126,77.15,46.47,PROD_000031,COMP_0019,28.44,29.28,2026-04-12 20:07:54,商品_31_6568,3903,143,53.1,1,156,151,157.6,298.71,32
91905,RQ_008,0.1249,0.0149,0.0093,0.0059,0.186101,0.223239,115.4,114.24,PROD_000032,COMP_0032,14.94,13.89,2026-04-07 20:07:54,商品_32_7325,4230,119,110.79,1,296,440,280.54,159.41,33
91905,RQ_015,0.1451,0.0072,0.029,0.0034,0.104472,0.087772,135.05,131.01,PROD_000033,COMP_0009,25.43,23.39,2026-04-21 20:07:54,商品_33_9864,38,0,166.57,0,486,503,504.73,246.27,34
91905,RQ_019,0.0196,0.0319,0.0277,0.01,0.062524,0.068696,176.44,120.83,PROD_000034,COMP_0002,13.3,12.23,2026-04-07 20:07:54,商品_34_4945,737,13,125.06,1,311,312,303.22,132.09,35
91905,RQ_018,0.03,0.0236,0.008,0.0026,0.0708,0.056906,119.87,127.04,PROD_000035,COMP_0031,24.24,26.19,2026-05-18 20:07:54,商品_35_5837,2950,101,131.64,1,205,199,219.16,264.96,36
91905,RQ_012,0.0484,0.0287,0.0207,0.0075,0.138908,0.113851,165.68,195.32,PROD_000036,COMP_0001,18.39,18.38,2026-04-15 20:07:54,商品_36_1546,2294,95,165.62,1,339,432,353.98,199.22,37
91905,RQ_011,0.1125,0.0054,0.0092,0.0075,0.06075,0.052868,205.87,219.31,PROD_000037,COMP_0037,4.4,4.43,2026-05-15 20:07:54,商品_37_7511,131,1,175.72,0,502,741,481.43,45.34,38
91905,RQ_011,0.0226,0.0203,0.0083,0.0013,0.045878,0.043466,108.67,80.43,PROD_000038,COMP_0035,22.6,21.52,2026-03-07 20:07:54,商品_38_1742,241,2,87.15,0,236,281,255.6,223.64,39
91905,RQ_009,0.1494,0.0067,0.0074,0.0054,0.100098,0.095639,158.42,141.52,PROD_000039,COMP_0002,11.44,12.47,2026-03-02 20:07:54,商品_39_7018,453,3,134.47,0,100,114,98.16,133.7,40
91905,RQ_011,0.0185,0.0145,0.0291,0.0095,0.026825,0.030304,186.33,91.97,PROD_000040,COMP_0034,3.2,3.02,2026-05-05 20:07:54,商品_40_1046,2495,71,125.92,1,310,292,330.45,30.56,41
91905,RQ_004,0.1483,0.0275,0.0241,0.0012,0.407825,0.467604,179.72,105.19,PROD_000041,COMP_0017,4.39,4.27,2026-05-13 20:07:54,商品_41_9543,929,17,148.26,1,230,202,209.92,88.98,42
91905,RQ_014,0.1001,0.0025,0.03,0.0085,0.025025,0.024287,137.99,86.23,PROD_000042,COMP_0019,3.68,3.84,2026-03-04 20:07:54,商品_42_4522,33,0,96.53,0,198,239,206.4,40.88,43
91905,RQ_014,0.1343,0.0213,0.0249,0.004,0.286059,0.312332,100.13,75.88,PROD_000043,COMP_0027,9.72,9.36,2026-04-11 20:07:54,商品_43_6793,1049,14,68.23,1,48,52,50.35,129.4,44
91905,RQ_001,0.1456,0.0304,0.0109,0.0058,0.442624,0.391765,64.34,42.56,PROD_000044,COMP_0027,19.87,18.77,2026-03-13 20:07:54,商品_44_5477,2352,122,46.23,1,120,177,127.64,231.17,45
91905,RQ_010,0.0591,0.0099,0.0047,0.0066,0.058509,0.048436,51.26,40.51,PROD_000045,COMP_0019,22.36,24.47,2026-04-15 20:07:54,商品_45_7947,3292,23,43.76,1,55,56,59.86,252.09,46
91905,RQ_019,0.0719,0.0144,0.0228,0.0012,0.103536,0.100633,130.49,74.9,PROD_000046,COMP_0031,8.86,9.18,2026-03-19 20:07:54,商品_46_9196,948,6,0.0,1,129,122,119.64,104.33,47
91905,RQ_011,0.0201,0.0432,0.0017,0.0003,0.086832,0.10146,150.42,110.28,PROD_000047,COMP_0035,25.93,26.32,2026-04-26 20:07:54,商品_47_2288,207,4,116.01,0,152,206,155.59,276.79,48
91905,RQ_009,0.1144,0.0119,0.0235,0.0009,0.136136,0.143391,153.13,186.69,PROD_000048,COMP_0025,16.15,15.16,2026-05-03 20:07:54,商品_48_8354,120,0,146.43,0,166,152,154.48,167.22,49
91905,RQ_019,0.0552,0.0486,0.0098,0.0045,0.268272,0.264937,124.21,88.38,PROD_000049,COMP_0036,19.13,20.26,2026-02-23 20:07:54,商品_49_8368,4202,113,118.71,1,168,168,172.86,227.94,50
91905,RQ_006,0.055,0.0243,0.005,0.0007,0.13365,0.112453,158.16,110.2,PROD_000050,COMP_0036,27.02,26.17,2026-05-11 20:07:54,商品_50_6482,362,10,137.15,0,219,255,204.05,271.33,51
91905,RQ_010,0.0232,0.0342,0.0089,0.0073,0.079344,0.084313,96.63,62.79,PROD_000051,COMP_0004,27.24,29.27,2026-05-16 20:07:54,商品_51_9624,3041,202,80.0,1,179,192,182.4,304.05,52
91905,RQ_013,0.0812,0.0019,0.0096,0.0095,0.015428,0.014451,163.52,157.95,PROD_000052,COMP_0005,23.1,21.68,2026-05-08 20:07:54,商品_52_3712,259,0,180.0,0,465,659,422.01,217.01,53
91905,RQ_001,0.0675,0.0341,0.0075,0.0045,0.230175,0.210373,111.93,130.49,PROD_000053,COMP_0028,22.58,22.35,2026-03-07 20:07:54,商品_53_5096,2089,74,110.1,1,315,469,312.59,249.2,54
91905,RQ_015,0.1324,0.0282,0.0035,0.0085,0.373368,0.425814,101.68,55.91,PROD_000054,COMP_0003,8.91,9.38,2026-02-21 20:07:54,商品_54_6221,1251,67,70.92,1,74,0,71.77,133.74,55
91905,RQ_010,0.1208,0.0077,0.009,0.0083,0.093016,0.100311,78.19,72.73,PROD_000055,COMP_0006,4.59,4.78,2026-04-17 20:07:54,商品_55_2029,2266,30,97.29,1,182,238,183.01,53.31,56
91905,RQ_015,0.0935,0.0018,0.0157,0.0025,0.01683,0.014431,72.13,72.6,PROD_000056,COMP_0007,13.16,13.46,2026-03-22 20:07:54,商品_56_1266,268,0,66.08,0,44,51,44.06,135.74,57
91905,RQ_002,0.0583,0.0369,0.019,0.0077,0.215127,0.235365,153.24,90.09,PROD_000057,COMP_0022,10.31,9.37,2026-04-24 20:07:54,商品_57_7524,4420,236,111.9,1,282,238,297.58,114.23,58
91905,RQ_015,0.0455,0.0379,0.0061,0.0036,0.172445,0.191817,51.47,60.04,PROD_000058,COMP_0034,26.04,25.16,2026-03-13 20:07:54,商品_58_9937,3667,140,48.67,1,47,60,45.75,270.03,59
91905,RQ_010,0.0244,0.0171,0.0092,0.0045,0.041724,0.045357,127.04,121.04,PROD_000059,COMP_0018,5.42,5.36,2026-05-15 20:07:54,商品_59_8179,2749,68,97.07,1,240,201,248.22,54.74,60
91905,RQ_004,0.0194,0.0391,0.0113,0.0039,0.075854,0.077894,182.73,199.52,PROD_000060,COMP_0002,18.35,19.01,2026-04-16 20:07:54,商品_60_4515,271,11,172.32,0,221,0,241.35,202.02,61
91905,RQ_009,0.1072,0.0499,0.0064,0.0014,0.534928,0.443787,245.56,229.97,PROD_000061,COMP_0039,5.59,5.83,2026-03-15 20:07:54,商品_61_3275,3346,261,179.59,1,336,337,322.56,99.42,62
91905,RQ_015,0.0137,0.0281,0.0114,0.0081,0.038497,0.039292,114.56,86.42,PROD_000062,COMP_0015,18.55,17.01,2026-03-13 20:07:54,商品_62_3114,3854,187,76.39,1,52,76,53.48,177.81,63
91905,RQ_016,0.1375,0.0037,0.0042,0.0016,0.050875,0.044051,119.46,101.31,PROD_000063,COMP_0027,10.02,10.44,2026-05-08 20:07:54,商品_63_6531,128,0,81.9,0,236,234,241.9,109.72,64
91905,RQ_001,0.1255,0.0024,0.0018,0.0065,0.03012,0.031045,115.36,92.38,PROD_000064,COMP_0036,19.71,20.76,2026-03-30 20:07:54,商品_64_6231,2974,8,92.49,1,232,296,222.6,210.55,65
91905,RQ_012,0.0283,0.0192,0.0171,0.0033,0.054336,0.053607,44.66,41.43,PROD_000065,COMP_0022,8.39,7.97,2026-04-22 20:07:54,商品_65_1379,2533,94,44.52,1,122,167,132.58,90.02,66
91905,RQ_012,0.0808,0.0484,0.0068,0.0036,0.391072,0.320764,144.72,130.96,PROD_000066,COMP_0005,15.1,16.25,2026-04-16 20:07:54,商品_66_5582,220,7,128.14,0,148,156,145.14,193.2,67
91905,RQ_019,0.0266,0.0488,0.0121,0.008,0.129808,0.121453,69.22,59.86,PROD_000067,COMP_0039,28.2,29.64,2026-03-28 20:07:54,商品_67_6511,19,0,59.86,0,79,89,78.32,309.68,68
91905,RQ_016,0.0845,0.0357,0.0093,0.0082,0.301665,0.28578,159.61,133.45,PROD_000068,COMP_0032,20.38,22.34,2026-04-07 20:07:54,商品_68_3421,305,13,117.56,0,343,462,361.94,248.68,69
91905,RQ_001,0.0902,0.0353,0.0061,0.0045,0.318406,0.308062,129.28,103.48,PROD_000069,COMP_0015,12.68,11.93,2026-05-16 20:07:54,商品_69_5331,361,9,105.27,0,107,109,110.47,154.23,70
91905,RQ_015,0.0369,0.0131,0.017,0.0023,0.048339,0.057483,79.02,54.38,PROD_000070,COMP_0039,9.28,8.89,2026-02-28 20:07:54,商品_70_6674,2740,33,61.09,1,118,139,127.34,91.11,71
91905,RQ_008,0.1146,0.0115,0.0249,0.0028,0.13179,0.135059,136.54,103.09,PROD_000071,COMP_0028,8.51,7.84,2026-04-19 20:07:54,商品_71_8822,326,3,141.13,0,105,108,104.42,96.69,72
91905,RQ_009,0.055,0.0326,0.0273,0.001,0.1793,0.184617,245.39,137.26,PROD_000072,COMP_0012,16.29,17.02,2026-04-01 20:07:54,商品_72_5662,478,29,170.5,0,510,549,509.53,-22.17,73
91905,RQ_017,0.0834,0.0446,0.0045,0.0051,0.371964,0.338165,175.12,157.99,PROD_000073,COMP_0029,24.36,23.54,2026-03-02 20:07:54,商品_73_4027,377,16,139.67,0,172,218,161.44,268.49,74
91905,RQ_015,0.0553,0.0132,0.0082,0.0024,0.072996,0.080405,111.85,151.19,PROD_000074,COMP_0008,28.64,27.51,2026-04-06 20:07:54,商品_74_4618,31,0,138.43,0,230,209,238.56,285.04,75
91905,RQ_004,0.0769,0.0233,0.0297,0.0038,0.179177,0.19365,207.1,173.91,PROD_000075,COMP_0014,27.43,28.84,2026-04-25 20:07:54,商品_75_8239,269,7,150.3,0,339,289,343.35,308.49,76
91905,RQ_006,0.1104,0.025,0.027,0.0045,0.276,0.226942,136.49,126.47,PROD_000076,COMP_0007,4.39,4.32,2026-04-19 20:07:54,商品_76_1519,678,18,114.59,1,291,384,295.56,70.84,77
91905,RQ_013,0.0352,0.0076,0.0194,0.0073,0.026752,0.031715,140.28,90.13,PROD_000077,COMP_0018,11.55,12.45,2026-02-20 20:07:54,商品_77_5888,349,5,97.28,0,261,233,279.81,123.94,78
91905,RQ_017,0.0694,0.0196,0.0073,0.0047,0.136024,0.117259,119.12,158.74,PROD_000078,COMP_0029,6.06,6.51,2026-02-25 20:07:54,商品_78_3295,123,1,144.82,0,108,88,110.11,75.85,79
91905,RQ_009,0.0428,0.0459,0.0175,0.0058,0.196452,0.217868,240.54,163.5,PROD_000079,COMP_0032,24.64,23.34,2026-04-07 20:07:54,商品_79_9592,2961,124,161.44,1,305,370,319.35,250.66,80
91905,RQ_013,0.0672,0.0157,0.0059,0.0054,0.105504,0.094572,58.06,37.94,PROD_000080,COMP_0020,7.15,7.66,2026-03-24 20:07:54,商品_80_7179,3912,82,51.65,1,43,41,40.45,81.98,81
91905,RQ_019,0.0155,0.0046,0.0242,0.0059,0.00713,0.007619,168.08,206.8,PROD_000081,COMP_0038,6.9,6.5,2026-03-26 20:07:54,商品_81_7236,479,1,166.05,0,390,515,409.84,64.73,82
91905,RQ_017,0.1008,0.0161,0.0111,0.0088,0.162288,0.160081,147.73,118.55,PROD_000082,COMP_0029,24.18,25.26,2026-05-01 20:07:54,商品_82_5026,3890,35,144.24,1,383,505,345.94,266.56,83
91905,RQ_017,0.1016,0.0346,0.0081,0.0082,0.351536,0.417134,74.93,44.28,PROD_000083,COMP_0031,19.43,19.39,2026-05-09 20:07:54,商品_83_4791,2007,130,55.24,1,102,127,93.0,237.3,84
91905,RQ_004,0.0113,0.0258,0.0115,0.0062,0.029154,0.031099,83.02,106.38,PROD_000084,COMP_0004,18.69,18.63,2026-03-09 20:07:54,商品_84_4948,8,0,103.18,0,122,181,110.22,193.51,85
91905,RQ_019,0.0837,0.0409,0.0084,0.004,0.342333,0.32495,171.05,198.24,PROD_000085,COMP_0012,12.48,12.64,2026-05-11 20:07:54,商品_85_6427,334,27,178.53,0,379,311,371.82,160.92,86
91905,RQ_003,0.1353,0.046,0.0073,0.009,0.62238,0.67025,215.68,146.4,PROD_000086,COMP_0036,17.22,16.43,2026-04-08 20:07:54,商品_86_9856,91,7,168.62,0,216,318,219.76,227.09,87
91905,RQ_012,0.1158,0.0079,0.0297,0.0073,0.091482,0.091511,132.55,86.42,PROD_000087,COMP_0021,29.24,26.63,2026-05-08 20:07:54,商品_87_5839,3173,13,95.56,1,113,168,112.79,277.25,88
91905,RQ_002,0.0215,0.0086,0.0215,0.0064,0.01849,0.020262,31.27,28.19,PROD_000088,COMP_0015,9.84,9.07,2026-04-08 20:07:54,商品_88_1202,1337,8,30.78,1,29,32,29.32,88.66,89
91905,RQ_013,0.0643,0.0052,0.0271,0.0091,0.033436,0.039831,78.15,76.72,PROD_000089,COMP_0018,17.37,16.22,2026-03-03 20:07:54,商品_89_3219,1695,5,87.11,1,138,151,137.56,167.43,90
91905,RQ_000,0.1428,0.0173,0.0188,0.0081,0.247044,0.2302,235.53,124.23,PROD_000090,COMP_0019,10.37,11.02,2026-04-09 20:07:54,商品_90_6980,2145,45,158.93,1,150,161,144.57,136.04,91
91905,RQ_018,0.038,0.0499,0.0058,0.0077,0.18962,0.153738,83.47,73.66,PROD_000091,COMP_0007,21.95,23.89,2026-05-05 20:07:54,商品_91_8851,419,37,61.45,0,152,193,141.03,253.51,92
91905,RQ_012,0.0848,0.0463,0.0262,0.0042,0.392624,0.319873,184.59,189.59,PROD_000092,COMP_0037,29.07,30.24,2026-03-03 20:07:54,商品_92_1172,393,15,151.84,0,328,300,335.39,339.06,93
91905,RQ_008,0.0411,0.0376,0.017,0.0069,0.154536,0.137292,169.31,104.28,PROD_000093,COMP_0006,11.54,11.45,2026-04-19 20:07:54,商品_93_2599,247,6,131.93,0,203,299,187.41,127.78,94
91905,RQ_014,0.0546,0.0157,0.0244,0.0012,0.085722,0.097695,81.36,46.25,PROD_000094,COMP_0028,19.62,20.32,2026-03-15 20:07:54,商品_94_8365,282,3,54.65,0,103,151,97.48,212.29,95
91905,RQ_013,0.0644,0.0355,0.0066,0.0075,0.22862,0.256853,149.68,144.01,PROD_000095,COMP_0037,2.35,2.16,2026-05-15 20:07:54,商品_95_5873,1433,45,160.8,1,427,499,438.88,45.76,96
91905,RQ_018,0.0219,0.0076,0.004,0.0031,0.016644,0.014534,83.14,86.27,PROD_000096,COMP_0039,20.96,21.01,2026-04-04 20:07:54,商品_96_1157,249,2,92.74,0,207,259,227.7,209.7,97
91905,RQ_004,0.0373,0.0198,0.0171,0.0066,0.073854,0.07117,88.57,100.37,PROD_000097,COMP_0031,15.01,15.64,2026-04-28 20:07:54,商品_97_7010,149,1,96.58,0,102,102,107.73,163.63,98
91905,RQ_001,0.1164,0.0226,0.0069,0.0043,0.263064,0.287896,132.61,138.28,PROD_000098,COMP_0034,19.78,18.78,2026-03-16 20:07:54,商品_98_4390,224,9,161.22,0,127,173,119.63,217.69,99
91905,RQ_018,0.0591,0.0148,0.0164,0.0033,0.087468,0.094607,236.44,175.77,PROD_000099,COMP_0003,9.04,8.62,2026-05-15 20:07:54,商品_99_7434,69,1,158.7,0,391,564,429.51,93.16,100
91905,RQ_004,0.0908,0.0142,0.0127,0.0046,0.128936,0.135828,106.78,135.44,PROD_000100,COMP_0031,26.46,24.31,2026-04-27 20:07:54,商品_100_7516,4224,115,107.34,1,141,113,148.73,258.32,101
91905,RQ_013,0.1255,0.0252,0.01,0.0029,0.31626,0.322245,211.39,171.58,PROD_000101,COMP_0013,4.35,4.66,2026-05-12 20:07:54,商品_101_5945,50,1,148.25,0,384,311,416.98,78.1,102
91905,RQ_008,0.0231,0.0187,0.0029,0.0067,0.043197,0.04577,184.55,133.0,PROD_000102,COMP_0010,2.03,2.08,2026-05-17 20:07:54,商品_102_3165,360,4,0.0,0,143,122,145.68,23.81,103
91905,RQ_002,0.0421,0.0054,0.0243,0.0011,0.022734,0.02153,214.66,164.92,PROD_000103,COMP_0030,9.33,9.11,2026-03-01 20:07:54,商品_103_2646,35,0,152.01,0,79,99,78.05,92.37,104
91905,RQ_003,0.0925,0.0198,0.0289,0.0032,0.18315,0.156764,137.87,120.31,PROD_000104,COMP_0008,8.67,7.95,2026-04-08 20:07:54,商品_104_2847,434,15,113.01,0,303,285,309.48,98.01,105
91905,RQ_015,0.0993,0.0045,0.0267,0.0002,0.044685,0.042202,170.59,160.18,PROD_000105,COMP_0015,9.84,9.62,2026-04-23 20:07:54,商品_105_7806,390,2,155.85,0,462,0,470.07,104.91,106
91905,RQ_012,0.0215,0.0273,0.0187,0.0028,0.058695,0.054232,177.74,141.3,PROD_000106,COMP_0027,15.58,14.66,2026-03-12 20:07:54,商品_106_2956,158,6,151.21,0,351,488,319.96,153.11,107
91905,RQ_004,0.1082,0.009,0.0286,0.0053,0.09738,0.108403,66.05,42.24,PROD_000107,COMP_0000,21.76,20.31,2026-05-01 20:07:54,商品_107_3734,394,6,49.04,0,65,71,65.31,213.9,108
91905,RQ_005,0.0457,0.006,0.0174,0.0073,0.02742,0.024441,154.85,156.74,PROD_000108,COMP_0023,15.51,14.1,2026-02-27 20:07:54,商品_108_7108,1729,7,159.44,1,462,381,490.01,140.93,109
91905,RQ_016,0.1043,0.0036,0.0071,0.0052,0.037548,0.030728,214.5,141.74,PROD_000109,COMP_0007,12.33,13.26,2026-04-28 20:07:54,商品_109_5016,283,1,159.9,0,227,227,239.92,140.39,110
91905,RQ_000,0.1405,0.0022,0.0165,0.0064,0.03091,0.033302,152.96,164.39,PROD_000110,COMP_0009,0.78,0.75,2026-04-11 20:07:54,商品_110_7102,1351,2,143.84,1,425,464,464.2,6.27,111
91905,RQ_002,0.0913,0.0258,0.0193,0.004,0.235554,0.244213,49.82,60.06,PROD_000111,COMP_0029,2.34,2.42,2026-04-27 20:07:54,商品_111_6870,3172,79,49.61,1,58,49,54.55,45.27,112
91905,RQ_014,0.0532,0.014,0.004,0.0017,0.07448,0.080023,49.93,32.33,PROD_000112,COMP_0013,24.88,25.86,2026-03-21 20:07:54,商品_112_2551,364,4,36.05,0,50,57,51.77,265.65,113
91905,RQ_003,0.1225,0.0078,0.0009,0.0083,0.09555,0.113994,106.55,93.29,PROD_000113,COMP_0029,4.36,4.64,2026-03-11 20:07:54,商品_113_8096,1114,4,85.84,1,56,80,55.37,56.11,114
91905,RQ_015,0.0141,0.0345,0.0056,0.0022,0.048645,0.042558,43.42,29.83,PROD_000114,COMP_0025,8.76,9.43,2026-02-20 20:07:54,商品_114_7266,4586,176,35.2,1,66,55,63.09,98.81,115
91905,RQ_015,0.0862,0.0247,0.0274,0.0051,0.212914,0.203408,89.69,73.35,PROD_000115,COMP_0022,5.8,5.59,2026-02-25 20:07:54,商品_115_4594,414,20,62.85,0,114,152,125.39,73.91,116
91905,RQ_012,0.0597,0.0421,0.0254,0.0018,0.251337,0.260638,136.98,187.21,PROD_000116,COMP_0036,24.28,25.24,2026-04-20 20:07:54,商品_116_1011,288,23,167.1,0,433,592,473.74,274.03,117
91905,RQ_019,0.0382,0.0074,0.0216,0.0092,0.028268,0.032161,170.15,137.41,PROD_000117,COMP_0021,10.05,9.09,2026-05-12 20:07:54,商品_117_6198,1094,8,117.99,1,336,361,309.19,98.6,118
91905,RQ_017,0.1071,0.0465,0.0237,0.0023,0.498015,0.515734,118.5,151.57,PROD_000118,COMP_0011,5.67,5.45,2026-03-30 20:07:54,商品_118_3750,765,27,133.27,1,172,234,175.83,104.39,119
91905,RQ_010,0.0725,0.014,0.0079,0.0008,0.1015,0.09162,115.38,112.63,PROD_000119,COMP_0005,3.69,3.32,2026-02-22 20:07:54,商品_119_5831,4539,115,87.89,1,121,128,128.96,39.62,120
91905,RQ_010,0.0466,0.0061,0.0106,0.0089,0.028426,0.02457,183.17,228.16,PROD_000120,COMP_0001,2.71,2.95,2026-04-28 20:07:54,商品_120_5346,753,5,176.71,1,377,461,372.04,31.05,121
91905,RQ_009,0.0433,0.0034,0.0174,,0.014722,0.012682,93.72,78.64,PROD_000121,COMP_0018,11.14,10.98,2026-04-28 20:07:54,商品_121_7349,49,0,74.18,0,68,68,62.31,110.96,122
91905,RQ_011,0.134,0.0191,0.0137,0.0027,0.25594,0.252363,52.07,43.19,PROD_000122,COMP_0011,7.17,6.84,2026-04-19 20:07:54,商品_122_4860,342,6,39.25,0,72,106,73.29,92.82,123
91905,RQ_009,0.0211,0.0452,0.0216,0.0051,0.095372,0.110649,108.79,142.03,PROD_000123,COMP_0030,24.11,24.97,2026-03-23 20:07:54,商品_123_6238,485,43,123.04,0,360,491,333.09,265.74,124
91905,RQ_002,0.0643,0.0205,0.0101,0.0028,0.131815,0.129609,143.93,117.5,PROD_000124,COMP_0004,26.27,27.78,2026-04-11 20:07:54,商品_124_5327,1725,25,123.46,1,243,323,264.37,288.62,125
91905,RQ_015,0.0901,0.0242,0.0056,0.0041,0.218042,0.228355,126.48,99.59,PROD_000125,COMP_0024,20.58,20.18,2026-03-19 20:07:54,商品_125_3201,381,11,89.37,0,104,110,100.63,228.22,126
91905,RQ_014,0.1184,0.0167,0.022,0.0061,0.197728,0.165244,103.75,91.98,PROD_000126,COMP_0019,13.53,14.65,2026-02-25 20:07:54,商品_126_5087,960,20,91.08,1,81,82,81.11,158.31,127
91905,RQ_014,0.0171,0.0187,0.0064,0.0037,0.031977,0.031519,128.13,131.29,PROD_000127,COMP_0002,12.21,13.24,2026-05-02 20:07:54,商品_127_4511,1954,70,132.18,1,222,263,215.08,131.46,128
91905,RQ_007,0.1049,0.0142,0.0126,0.0003,0.148958,0.165659,208.94,176.85,PROD_000128,COMP_0014,23.14,20.87,2026-05-15 20:07:54,商品_128_9530,114,1,166.73,0,418,423,457.04,223.75,129
91905,RQ_012,0.0918,0.0014,0.03,0.0097,0.012852,0.014597,92.61,71.61,PROD_000129,COMP_0039,17.06,17.38,2026-05-05 20:07:54,商品_129_7620,2764,5,72.4,1,192,188,200.11,177.91,130
91905,RQ_004,0.111,0.0331,0.0299,0.0027,0.36741,0.355442,163.51,110.87,PROD_000130,COMP_0020,11.95,10.84,2026-03-06 20:07:54,商品_130_5237,351,15,136.21,0,335,480,346.52,147.71,131
91905,RQ_005,0.1426,0.0451,0.0198,0.0023,0.643126,0.571952,172.84,171.4,PROD_000131,COMP_0035,26.21,25.79,2026-02-24 20:07:54,商品_131_3470,1464,79,163.03,1,434,524,472.57,318.77,132
91905,RQ_006,0.058,0.0494,0.0268,0.0099,0.28652,0.245631,43.5,54.42,PROD_000132,COMP_0008,25.94,24.28,2026-04-10 20:07:54,商品_132_8029,975,24,42.12,1,49,65,45.75,263.24,133
91905,RQ_012,0.0107,0.0272,0.0221,0.0095,0.029104,0.033668,26.25,37.27,PROD_000133,COMP_0030,22.83,22.97,2026-04-26 20:07:54,商品_133_6535,355,17,32.69,0,41,35,41.03,237.55,134
91905,RQ_004,0.058,0.0452,0.0111,0.002,0.26216,0.309148,84.12,50.04,PROD_000134,COMP_0027,27.59,27.06,2026-03-03 20:07:54,商品_134_1323,301,17,64.26,0,51,66,53.98,302.75,135
91905,RQ_003,0.0683,0.0196,0.0166,0.0048,0.133868,0.115294,94.95,82.5,PROD_000135,COMP_0003,21.01,21.56,2026-03-15 20:07:54,商品_135_6864,1623,35,75.17,1,206,238,210.85,228.22,136
91905,RQ_009,0.0325,0.0279,0.0274,0.0069,0.090675,0.089974,38.03,45.28,PROD_000136,COMP_0026,7.42,6.7,2026-03-12 20:07:54,商品_136_1646,1721,92,43.35,1,106,90,110.74,80.77,137
91905,RQ_011,0.1222,0.0163,0.0223,0.001,0.199186,0.219758,119.06,118.43,PROD_000137,COMP_0018,1.85,1.98,2026-05-12 20:07:54,商品_137_3732,2697,79,129.5,1,94,128,88.04,40.63,138
91905,RQ_004,0.1075,0.0039,0.0283,0.0017,0.041925,0.040517,122.13,122.25,PROD_000138,COMP_0007,17.93,19.01,2026-02-19 20:07:54,商品_138_9598,736,5,131.76,1,355,464,382.82,193.56,139
91905,RQ_018,0.0414,0.0478,0.0263,0.0052,0.197892,0.212793,158.09,152.65,PROD_000139,COMP_0036,18.74,18.49,2026-04-21 20:07:54,商品_139_6253,1717,144,139.0,1,263,392,239.57,209.7,140
91905,RQ_010,0.1458,0.0035,0.0071,0.0065,0.05103,0.049056,167.26,182.32,PROD_000140,COMP_0015,7.43,7.37,2026-03-28 20:07:54,商品_140_9328,3089,7,0.0,1,261,328,240.26,74.51,141
91905,RQ_006,0.1016,0.0234,0.0106,0.0083,0.237744,0.267851,177.03,163.97,PROD_000141,COMP_0035,25.41,24.56,2026-03-11 20:07:54,商品_141_9067,4207,66,145.11,1,348,332,336.96,272.6,142
91905,RQ_013,0.025,0.0309,0.006,0.0093,0.07725,0.073941,120.39,130.46,PROD_000142,COMP_0008,13.98,14.77,2026-04-24 20:07:54,商品_142_3903,0,22,137.52,0,226,274,226.19,155.63,143
91905,RQ_005,0.1123,0.0073,0.0119,0.006,0.081979,0.094528,254.98,204.78,PROD_000143,COMP_0037,15.37,15.02,2026-04-29 20:07:54,商品_143_4560,3759,53,176.93,1,517,577,479.09,157.64,144
91905,RQ_006,0.0974,0.0152,0.0107,0.0068,0.148048,0.176552,135.78,94.33,PROD_000144,COMP_0012,19.68,21.48,2026-04-25 20:07:54,商品_144_2744,389,6,105.58,0,179,214,184.98,230.31,145
91905,RQ_012,0.0303,0.0338,0.0064,0.0075,0.102414,0.088524,200.1,136.75,PROD_000145,COMP_0001,8.96,8.51,2026-03-26 20:07:54,商品_145_1769,183,10,155.91,0,117,164,122.6,91.33,146
91905,RQ_012,0.0683,0.0396,0.0207,0.0097,0.270468,0.222195,224.83,154.85,PROD_000146,COMP_0024,22.44,21.11,2026-02-27 20:07:54,商品_146_4063,466,26,160.33,0,364,384,370.43,230.25,147
91905,RQ_016,0.0267,0.003,0.0087,0.0027,0.00801,0.006924,145.55,72.36,PROD_000147,COMP_0011,25.46,22.94,2026-04-25 20:07:54,商品_147_2117,916,4,99.95,1,206,286,197.81,232.17,148
91905,RQ_005,0.0682,0.0273,0.0032,0.0023,0.186186,0.164838,83.29,63.92,PROD_000148,COMP_0032,10.29,10.0,2026-04-08 20:07:54,商品_148_5203,58,2,62.77,0,101,144,103.3,114.69,149
91905,RQ_009,0.0135,0.0263,0.0232,0.0052,0.035505,0.035629,130.82,95.72,PROD_000149,COMP_0034,14.86,14.26,2026-05-18 20:07:54,商品_149_8130,85,4,127.73,0,310,363,317.87,148.02,150
91905,RQ_004,0.0133,0.0361,0.0016,0.0008,0.048013,0.041829,220.31,144.75,PROD_000150,COMP_0004,7.93,7.25,2026-04-23 20:07:54,商品_150_2738,3813,158,153.24,1,83,105,83.58,77.54,151
91905,RQ_009,0.0949,0.0148,0.0278,0.0039,0.140452,0.158549,83.31,74.19,PROD_000151,COMP_0018,1.41,1.31,2026-05-02 20:07:54,商品_151_7456,1680,23,0.0,1,171,252,183.56,32.7,152
91905,RQ_017,0.1426,0.0159,0.0226,0.009,0.226734,0.212572,97.55,88.97,PROD_000152,COMP_0034,12.67,13.04,2026-03-22 20:07:54,商品_152_2608,2091,22,106.88,1,232,277,211.32,153.1,153
91905,RQ_018,0.0782,0.0172,0.0043,0.0066,0.134504,0.112986,86.64,83.09,PROD_000153,COMP_0012,18.78,20.28,2026-03-07 20:07:54,商品_153_6432,1748,40,77.67,1,109,0,107.44,216.5,154
91905,RQ_014,0.0724,0.039,0.0149,0.0012,0.28236,0.298799,219.24,125.93,PROD_000154,COMP_0030,2.92,2.79,2026-04-28 20:07:54,商品_154_8734,372,8,153.97,0,84,97,76.12,61.84,155
91905,RQ_011,0.0649,0.0447,0.0179,0.0086,0.290103,0.247618,68.29,71.33,PROD_000155,COMP_0009,15.28,14.03,2026-04-21 20:07:54,商品_155_4796,387,21,84.58,0,136,125,148.2,164.9,156
91905,RQ_008,0.0617,0.0031,0.0066,0.0091,0.019127,0.018065,54.95,33.07,PROD_000156,COMP_0004,14.36,14.23,2026-04-10 20:07:54,商品_156_6781,2657,11,36.97,1,71,75,69.27,141.62,157
91905,RQ_015,0.121,0.0445,0.0007,0.0088,0.53845,0.525505,65.28,57.29,PROD_000157,COMP_0022,7.28,7.3,2026-05-02 20:07:54,商品_157_3639,338,12,72.12,0,182,237,181.33,128.88,158
91905,RQ_016,0.0155,0.029,0.0021,0.0027,0.04495,0.039197,93.12,129.63,PROD_000158,COMP_0008,28.77,29.34,2026-04-24 20:07:54,商品_158_5333,1202,28,114.54,1,230,259,229.16,298.15,159
91905,RQ_010,0.1391,0.0302,0.0025,0.0038,0.420082,0.358282,212.84,199.0,PROD_000159,COMP_0010,0.99,0.99,2026-05-15 20:07:54,商品_159_8069,90,3,166.4,0,338,279,357.19,42.03,160
91905,RQ_013,0.0619,0.0031,0.0161,0.0024,0.019189,0.021509,156.11,136.93,PROD_000160,COMP_0033,23.79,23.22,2026-05-02 20:07:54,商品_160_9561,217,0,118.36,0,200,192,214.36,231.24,161
91905,RQ_016,0.011,0.0331,0.0208,0.0032,0.03641,0.034404,95.15,64.92,PROD_000161,COMP_0007,5.07,5.22,2026-04-09 20:07:54,商品_161_3262,2757,181,68.04,1,101,95,102.05,55.48,162
91905,RQ_007,0.0725,0.0353,0.0053,0.0022,0.255925,0.245745,174.22,107.17,PROD_000162,COMP_0007,10.48,10.59,2026-05-07 20:07:54,商品_162_9536,411,9,134.56,0,116,167,114.5,125.85,163
91905,RQ_019,0.018,0.0389,0.0057,0.005,0.07002,0.056316,100.86,126.07,PROD_000163,COMP_0018,25.59,27.79,2026-04-25 20:07:54,商品_163_1251,314,9,107.72,0,63,60,56.7,282.06,164
91905,RQ_002,0.0869,0.0366,0.017,0.0059,0.318054,0.29865,195.1,164.41,PROD_000164,COMP_0004,24.56,23.22,2026-03-22 20:07:54,商品_164_8254,133,3,174.46,0,308,366,308.2,259.64,165
91905,RQ_018,0.0777,0.0129,0.0105,0.0078,0.100233,0.107514,100.3,95.1,PROD_000165,COMP_0024,26.95,28.9,2026-04-02 20:07:54,商品_165_2245,346,6,102.3,0,255,277,247.51,297.62,166
91905,RQ_005,0.0767,0.0183,0.0269,0.0028,0.140361,0.165464,98.53,119.66,PROD_000166,COMP_0035,0.0,22.34,2026-04-28 20:07:54,商品_166_1692,2193,33,104.85,1,271,375,263.2,244.5,167
91905,RQ_011,0.0969,0.0251,0.0296,0.009,0.243219,0.279096,166.76,139.49,PROD_000167,COMP_0030,14.98,16.43,2026-03-30 20:07:54,商品_167_1137,27,0,167.4,0,260,379,235.69,191.78,168
91905,RQ_006,0.0631,0.0059,0.0112,0.0086,0.037229,0.03257,180.76,140.82,PROD_000168,COMP_0000,8.25,7.87,2026-03-20 20:07:54,商品_168_8081,2224,14,173.78,1,413,435,404.79,83.82,169
91905,RQ_006,0.0304,0.048,0.0049,0.0081,0.14592,0.127044,182.9,178.24,PROD_000169,COMP_0024,15.24,16.75,2026-03-23 20:07:54,商品_169_6914,2957,124,157.41,1,416,346,382.63,183.59,170
91905,RQ_017,0.088,0.0407,0.0107,0.0042,0.35816,0.336827,146.23,119.22,PROD_000170,COMP_0023,20.55,20.98,2026-04-02 20:07:54,商品_170_7911,3409,137,116.53,1,206,276,203.81,248.05,171
91905,RQ_018,0.0667,0.0454,0.0028,0.0035,0.302818,0.280226,130.09,148.91,PROD_000171,COMP_0039,19.76,20.59,2026-03-03 20:07:54,商品_171_2565,4767,421,120.81,1,185,171,167.35,235.93,172
91905,RQ_015,0.0868,0.0023,0.0122,0.0077,0.019964,0.016636,182.05,113.55,PROD_000172,COMP_0004,8.24,7.67,2026-04-28 20:07:54,商品_172_5463,377,0,128.22,0,264,0,281.87,76.62,173
91905,RQ_014,0.0289,0.0475,0.0164,0.0059,0.137275,0.134889,118.86,97.18,PROD_000173,COMP_0035,22.59,24.29,2026-04-19 20:07:54,商品_173_9767,4445,276,0.0,1,239,265,232.58,259.54,174
91905,RQ_015,0.1426,0.0244,0.0008,0.0044,0.347944,0.319123,93.64,89.18,PROD_000174,COMP_0000,7.32,6.6,2026-05-16 20:07:54,商品_174_5454,2547,46,86.05,1,201,215,196.11,100.56,175
91905,RQ_017,0.1232,0.0212,0.0257,0.0019,0.261184,0.239202,87.53,57.55,PROD_000175,COMP_0018,19.29,19.74,2026-04-02 20:07:54,商品_175_7885,77,0,70.82,0,130,120,119.66,218.65,176
91905,RQ_015,0.1497,0.0237,0.0238,0.0034,0.354789,0.403544,124.39,143.73,PROD_000176,COMP_0019,28.57,26.03,2026-04-17 20:07:54,商品_176_2539,458,19,146.35,0,372,513,343.87,300.08,177
91905,RQ_006,0.0762,0.0344,0.0097,0.0033,0.262128,0.275671,105.69,117.13,PROD_000177,COMP_0033,1.74,1.89,2026-02-19 20:07:54,商品_177_1688,184,11,108.14,0,287,273,264.78,44.23,178
91905,RQ_015,0.1064,0.0086,0.0232,0.0026,0.091504,0.091501,233.65,129.14,PROD_000178,COMP_0037,20.74,20.07,2026-05-17 20:07:54,商品_178_7189,1760,23,175.45,1,434,385,410.8,212.91,179
91905,RQ_004,0.0451,0.0029,0.0213,0.0056,0.013079,0.013303,114.5,109.42,PROD_000179,COMP_0022,14.96,15.16,2026-04-05 20:07:54,商品_179_4912,35,0,111.54,0,181,248,182.51,155.27,180
91905,RQ_002,0.1022,0.0274,0.0119,0.0053,0.280028,0.279753,97.88,60.07,PROD_000180,COMP_0020,16.77,17.15,2026-05-18 20:07:54,商品_180_5193,22,1,78.39,0,64,90,60.19,202.84,181
91905,RQ_011,0.0409,0.0362,0.0009,0.0092,0.148058,0.157282,124.99,91.85,PROD_000181,COMP_0003,27.89,29.74,2026-03-19 20:07:54,商品_181_9710,3523,215,100.21,1,64,78,64.37,310.29,182
91905,RQ_006,0.037,0.0332,0.0173,0.0095,0.12284,0.125711,174.45,160.11,PROD_000182,COMP_0024,16.97,17.81,2026-03-31 20:07:54,商品_182_7090,1352,33,144.94,1,137,148,132.55,189.19,183
91905,RQ_013,0.1257,0.0168,0.0076,0.0055,0.211176,0.200623,93.8,107.18,PROD_000183,COMP_0026,16.73,17.55,2026-05-17 20:07:54,商品_183_5521,0,3,84.0,0,101,81,93.63,192.71,184
91905,RQ_016,0.0879,0.0464,0.0051,0.0005,0.407856,0.384307,112.99,139.22,PROD_000184,COMP_0035,4.58,4.46,2026-05-05 20:07:54,商品_184_5921,292,14,117.32,0,327,429,341.62,84.93,185
91905,RQ_018,0.0634,0.0392,0.0277,0.0034,0.248528,0.286284,64.39,55.23,PROD_000185,COMP_0002,13.31,14.46,2026-04-09 20:07:54,商品_185_8300,324,21,48.08,0,70,70,63.58,170.44,186
91905,RQ_018,0.0807,0.0119,0.009,0.004,0.096033,0.081904,40.37,28.09,PROD_000186,COMP_0038,2.94,2.98,2026-04-14 20:07:54,商品_186_6298,1568,30,37.4,1,63,59,61.68,38.23,187
91905,RQ_002,0.0258,0.0213,0.0113,0.002,0.054954,0.051536,57.87,66.08,PROD_000187,COMP_0036,19.83,20.9,2026-03-08 20:07:54,商品_187_5713,1694,41,55.39,1,155,149,160.75,216.55,188
91905,RQ_010,0.1071,0.0065,0.0138,0.0003,0.069615,0.061512,106.44,107.39,PROD_000188,COMP_0000,16.37,15.4,2026-05-12 20:07:54,商品_188_1136,355,3,108.49,0,59,71,60.93,163.04,189
91905,RQ_012,0.1025,0.0335,0.0274,0.0037,0.343375,0.289519,130.73,88.43,PROD_000189,COMP_0004,9.13,9.83,2026-04-01 20:07:54,商品_189_9027,462,15,87.98,0,234,274,219.32,122.47,190
91905,RQ_005,0.0126,0.0345,0.011,0.0031,0.04347,0.052094,38.53,36.64,PROD_000190,COMP_0025,29.37,28.05,2026-03-19 20:07:54,商品_190_7837,483,22,39.3,0,47,42,50.73,290.32,191
91905,RQ_018,0.0314,0.0486,0.0273,0.0034,0.152604,0.155182,151.24,135.39,PROD_000191,COMP_0015,6.6,6.12,2026-03-13 20:07:54,商品_191_6203,4791,434,111.2,1,175,251,184.45,72.4,192
91905,RQ_000,0.1172,0.0441,0.0127,0.0042,0.516852,0.505069,168.57,198.46,PROD_000192,COMP_0009,28.05,30.26,2026-04-20 20:07:54,商品_192_3196,67,2,169.99,0,409,502,389.93,354.98,193
91905,RQ_019,0.0756,0.0328,0.0059,0.0039,0.247968,0.245374,134.94,114.59,PROD_000193,COMP_0032,5.33,5.04,2026-03-21 20:07:54,商品_193_8005,2323,122,91.29,1,271,360,247.48,74.84,194
91905,RQ_001,0.0951,0.0414,0.0217,0.004,0.393714,0.462872,163.17,91.26,PROD_000194,COMP_0025,17.37,17.5,2026-03-14 20:07:54,商品_194_5770,231,11,126.21,0,340,480,322.71,220.16,195
91905,RQ_012,0.1338,0.0389,0.0089,0.0017,0.520482,0.477682,186.16,180.06,PROD_000195,COMP_0028,27.61,28.66,2026-03-15 20:07:54,商品_195_8449,369,17,165.55,0,157,189,169.38,329.62,196
91905,RQ_008,0.0554,0.0328,0.0215,0.0017,0.181712,0.198667,107.56,140.67,PROD_000196,COMP_0005,3.19,3.32,2026-03-29 20:07:54,商品_196_6071,193,8,125.11,0,76,69,73.49,49.51,197
91905,RQ_009,0.0977,0.0068,0.0044,0.0021,0.066436,0.069693,186.88,111.36,PROD_000197,COMP_0028,7.97,7.9,2026-03-16 20:07:54,商品_197_1801,0,13,158.31,1,340,379,336.05,83.75,198
91905,RQ_004,0.0177,0.0181,0.0048,0.0004,0.032037,0.033038,37.82,55.95,PROD_000198,COMP_0011,18.3,17.68,2026-03-31 20:07:54,商品_198_7038,344,5,43.16,0,92,118,93.33,178.71,199
91905,RQ_002,0.1162,0.0423,0.0024,0.0048,0.491526,0.417212,87.17,75.99,PROD_000199,COMP_0024,25.85,24.97,2026-03-23 20:07:54,商品_199_9608,55,3,92.06,0,271,317,248.65,293.49,200
